epoch,time,train/box_loss,train/seg_loss,train/cls_loss,train/dfl_loss,train/sem_loss,metrics/precision(B),metrics/recall(B),metrics/mAP50(B),metrics/mAP50-95(B),metrics/precision(M),metrics/recall(M),metrics/mAP50(M),metrics/mAP50-95(M),val/box_loss,val/seg_loss,val/cls_loss,val/dfl_loss,val/sem_loss,lr/pg0,lr/pg1,lr/pg2
1,38.3585,0.58203,1.58121,5.29567,0.0057,3.88098,0.00356,1,0.56173,0.5107,0.00356,1,0.56173,0.56153,0.43451,0.22686,7.70677,0.00581,0,0.00058,0.00058,0.00058
2,51.5419,0.68519,0.52078,4.65558,0.0069,0.95419,0.10029,1,0.7163,0.62191,0.09706,0.96774,0.7147,0.68856,0.52699,1.72151,7.40117,0.00828,0,0.0011654,0.0011654,0.0011654
3,62.7864,0.77645,0.83282,3.81424,0.00823,0.60769,1,0.35828,0.82686,0.70933,1,0.35828,0.82686,0.77155,0.55207,0.93269,7.1143,0.00854,0,0.00173595,0.00173595,0.00173595
4,74.5442,0.90303,0.81796,3.50956,0.00937,0.50726,0.67614,0.60632,0.77384,0.61653,0.67614,0.60632,0.77384,0.678,0.71288,0.37841,6.17669,0.01096,0,0.00192575,0.00192575,0.00192575
5,88.9098,0.91787,0.55839,3.06709,0.00896,0.40198,0.80945,0.87097,0.89204,0.72465,0.80945,0.87097,0.89204,0.8786,0.81745,0.20378,4.12197,0.01371,0,0.001901,0.001901,0.001901
6,103.131,0.81147,0.59377,2.79911,0.00825,0.5151,0.90442,0.91598,0.95768,0.79585,0.90442,0.91598,0.95768,0.9334,0.71038,0.20274,2.65633,0.01184,0,0.00187625,0.00187625,0.00187625
7,116.306,0.78167,0.55014,2.56995,0.00822,0.37601,0.86995,0.8633,0.93815,0.8342,0.86995,0.8633,0.93815,0.92293,0.57194,0.20123,2.30373,0.00892,0,0.0018515,0.0018515,0.0018515
8,129.522,0.96042,0.83016,2.25645,0.00946,0.44208,1,0.86847,0.96934,0.86608,1,0.86847,0.96934,0.95268,0.54072,0.24664,1.59465,0.00917,0,0.00182675,0.00182675,0.00182675
9,141.558,0.82053,0.39889,1.9727,0.0077,0.31271,0.89873,0.8591,0.93928,0.73267,0.89873,0.8591,0.93928,0.92169,0.8515,0.26227,1.62778,0.01517,0,0.001802,0.001802,0.001802
10,152.757,0.79417,0.38869,1.72275,0.00763,0.30036,0.90712,0.9454,0.97709,0.82102,0.90712,0.9454,0.97709,0.95342,0.7035,0.16346,1.20219,0.01122,0,0.00177725,0.00177725,0.00177725
11,164.317,0.74269,0.47898,1.64893,0.00729,0.35384,0.98501,0.93548,0.98585,0.87569,0.98501,0.93548,0.98585,0.9716,0.5286,0.14601,1.10163,0.00889,0,0.0017525,0.0017525,0.0017525
12,175.241,0.7067,0.44319,1.45295,0.00744,0.26305,0.95111,0.93548,0.97624,0.854,0.95111,0.93548,0.97624,0.96294,0.67722,0.18886,1.04984,0.0111,0,0.00172775,0.00172775,0.00172775
13,187.176,0.76579,0.6327,1.27996,0.00656,0.32029,0.8736,0.96774,0.97226,0.8341,0.8736,0.96774,0.97226,0.95827,0.64977,0.21426,0.99561,0.01133,0,0.001703,0.001703,0.001703
14,199.708,0.67908,0.41886,1.20185,0.00647,0.23472,0.87345,0.93548,0.9574,0.84845,0.87345,0.93548,0.9574,0.93329,0.56103,0.171,0.94508,0.00941,0,0.00167825,0.00167825,0.00167825
15,210.455,0.6763,0.43939,1.1324,0.00625,0.35219,0.95109,0.93548,0.98461,0.91669,0.95109,0.93548,0.98461,0.979,0.41484,0.17231,0.67425,0.00666,0,0.0016535,0.0016535,0.0016535
16,221.742,0.69059,0.47508,1.05996,0.00698,0.24845,0.9598,1,0.99312,0.81812,0.9598,1,0.99312,0.97512,0.7876,0.15383,0.51204,0.01391,0,0.00162875,0.00162875,0.00162875
17,232.454,0.74118,0.37644,0.97195,0.00763,0.20932,0.96763,0.96445,0.98867,0.90279,0.96763,0.96445,0.98867,0.97244,0.45383,0.14118,0.57524,0.00806,0,0.001604,0.001604,0.001604
18,243.26,0.6714,0.55521,0.92509,0.00741,0.17885,0.93911,0.99525,0.99136,0.89809,0.93911,0.99525,0.99136,0.99093,0.50163,0.15008,0.3389,0.0081,0,0.00157925,0.00157925,0.00157925
19,254.619,0.68184,0.44365,0.87061,0.00632,0.19061,0.96774,0.96769,0.98964,0.88349,0.96774,0.96769,0.98964,0.98383,0.54765,0.16023,0.36551,0.00871,0,0.0015545,0.0015545,0.0015545
20,265.891,0.5981,0.35233,0.80139,0.00609,0.20018,0.96744,0.96774,0.99235,0.93133,0.96744,0.96774,0.99235,0.98959,0.45886,0.12873,0.27129,0.00768,0,0.00152975,0.00152975,0.00152975
21,277.358,0.5897,0.58857,0.73293,0.00554,0.14636,1,0.99064,0.995,0.89413,1,0.99064,0.995,0.98046,0.50902,0.15657,0.2324,0.00957,0,0.001505,0.001505,0.001505
22,288.493,0.64157,0.44259,0.71309,0.00652,0.19526,0.91069,0.98709,0.98706,0.92258,0.91069,0.98709,0.98706,0.97788,0.4342,0.21025,0.29582,0.00657,0,0.00148025,0.00148025,0.00148025
23,298.602,0.84081,0.36563,0.78993,0.00817,0.32001,1,0.94798,0.99014,0.82609,1,0.94798,0.99014,0.95244,0.73893,0.18035,0.34524,0.01132,0,0.0014555,0.0014555,0.0014555
24,309.527,0.70239,0.30113,0.71741,0.00671,0.15826,0.94808,0.96774,0.99028,0.91799,0.94808,0.96774,0.99028,0.99028,0.43275,0.14939,0.27605,0.00667,0,0.00143075,0.00143075,0.00143075
25,320.438,0.62909,0.40106,0.70531,0.00578,0.2654,0.91071,1,0.99048,0.95132,0.91071,1,0.99048,0.99048,0.35117,0.13403,0.26771,0.00543,0,0.001406,0.001406,0.001406
26,331.262,0.6338,0.45357,0.66175,0.00613,0.21252,0.98359,0.93548,0.98741,0.90688,0.98359,0.93548,0.98741,0.98261,0.45362,0.15738,0.2609,0.00755,0,0.00138125,0.00138125,0.00138125
27,342.017,0.57827,0.36044,0.59839,0.00545,0.21243,1,0.95703,0.99318,0.92358,1,0.95703,0.99318,0.98547,0.44323,0.13343,0.22053,0.00743,0,0.0013565,0.0013565,0.0013565
28,353.206,0.6037,0.57142,0.59078,0.00567,0.20643,0.93832,0.98164,0.97118,0.88985,0.93832,0.98164,0.97118,0.97118,0.43466,0.13816,0.31091,0.00695,0,0.00133175,0.00133175,0.00133175
29,364.83,0.53972,0.38144,0.51886,0.00545,0.1083,0.98959,1,0.995,0.95443,0.98959,1,0.995,0.995,0.30706,0.13485,0.18522,0.00481,0,0.001307,0.001307,0.001307
30,375.648,0.61805,0.37855,0.55786,0.00623,0.15154,0.96832,1,0.995,0.9183,0.96832,1,0.995,0.97473,0.47239,0.1514,0.18841,0.00821,0,0.00128225,0.00128225,0.00128225
31,387.327,0.51689,0.49143,0.54593,0.00494,0.14904,0.96858,0.99443,0.99312,0.92826,0.96858,0.99443,0.99312,0.96654,0.39705,0.16519,0.18991,0.00602,0,0.0012575,0.0012575,0.0012575
32,398.537,0.51464,0.43273,0.50609,0.00539,0.1371,0.96324,0.96774,0.99042,0.96111,0.96324,0.96774,0.99042,0.97304,0.2903,0.17672,0.18951,0.00431,0,0.00123275,0.00123275,0.00123275
33,409.364,0.50645,0.2877,0.48448,0.00457,0.18473,0.9683,0.98568,0.99219,0.91589,0.9683,0.98568,0.99219,0.97822,0.42277,0.14219,0.21633,0.00643,0,0.001208,0.001208,0.001208
34,420.65,0.52623,0.39678,0.49374,0.00477,0.11106,0.98935,0.96774,0.99406,0.9884,0.98935,0.96774,0.99406,0.97597,0.25589,0.12433,0.15879,0.00357,0,0.00118325,0.00118325,0.00118325
35,431.503,0.53477,0.37917,0.46967,0.0049,0.14683,0.99219,1,0.995,0.92372,0.99219,1,0.995,0.97698,0.39407,0.12202,0.18469,0.00534,0,0.0011585,0.0011585,0.0011585
36,442.939,0.52025,0.34282,0.45688,0.00452,0.12981,0.93388,1,0.98936,0.94074,0.93388,1,0.98936,0.97229,0.3763,0.13029,0.20558,0.00593,0,0.00113375,0.00113375,0.00113375
37,454.553,0.53361,0.50942,0.48632,0.00454,0.16867,0.93925,0.99758,0.99221,0.95391,0.93925,0.99758,0.99221,0.97938,0.3278,0.14066,0.18016,0.00508,0,0.001109,0.001109,0.001109
38,465.392,0.49906,0.27779,0.41238,0.00435,0.11907,0.99667,0.90323,0.98372,0.93152,0.99667,0.90323,0.98372,0.98024,0.38602,0.16473,0.24721,0.00642,0,0.00108425,0.00108425,0.00108425
39,477.981,0.46667,0.40586,0.40694,0.0038,0.1242,0.96393,0.96774,0.98987,0.97084,0.96393,0.96774,0.98987,0.98226,0.27681,0.15512,0.18801,0.00428,0,0.0010595,0.0010595,0.0010595
40,489.064,0.49343,0.32735,0.44103,0.0043,0.14471,0.99831,0.96774,0.99083,0.92862,0.99831,0.96774,0.99083,0.98339,0.36438,0.14003,0.19192,0.00546,0,0.00103475,0.00103475,0.00103475
41,499.906,0.46472,0.29772,0.38688,0.00429,0.14788,0.99761,1,0.995,0.94866,0.99761,1,0.995,0.97514,0.34841,0.13192,0.16202,0.00515,0,0.00101,0.00101,0.00101
42,511.007,0.43719,0.37753,0.37331,0.00384,0.08921,0.96661,0.96774,0.98987,0.96554,0.96661,0.96774,0.98987,0.97159,0.28987,0.13011,0.19253,0.00483,0,0.00098525,0.00098525,0.00098525
43,521.414,0.39081,0.28288,0.3495,0.00397,0.08597,0.96874,0.99969,0.99219,0.97587,0.96874,0.99969,0.99219,0.99219,0.30994,0.14151,0.14985,0.00506,0,0.0009605,0.0009605,0.0009605
44,531.907,0.40124,0.41907,0.38321,0.00351,0.11209,1,0.96038,0.99318,0.98546,1,0.96038,0.99318,0.97977,0.24249,0.16702,0.14722,0.00359,0,0.00093575,0.00093575,0.00093575
45,543.105,0.41765,0.25901,0.34689,0.00412,0.08986,0.9958,0.96774,0.99406,0.98652,0.9958,0.96774,0.99406,0.99081,0.2172,0.18091,0.11725,0.00337,0,0.000911,0.000911,0.000911
46,554.195,0.4091,0.40407,0.37388,0.00354,0.11675,0.96595,1,0.99406,0.98404,0.96595,1,0.99406,0.99041,0.25899,0.13587,0.12002,0.00385,0,0.00088625,0.00088625,0.00088625
47,564.896,0.433,0.26374,0.36526,0.00421,0.086,0.99696,1,0.995,0.98418,0.99696,1,0.995,0.98101,0.25626,0.12779,0.09538,0.00403,0,0.0008615,0.0008615,0.0008615
48,575.947,0.40857,0.23018,0.34256,0.00386,0.10741,0.99804,1,0.995,0.98384,0.99804,1,0.995,0.97763,0.23299,0.12738,0.09929,0.00377,0,0.00083675,0.00083675,0.00083675
49,586.959,0.45874,0.31371,0.39182,0.00357,0.10919,0.96753,0.96141,0.99139,0.97136,0.96753,0.96141,0.99139,0.98912,0.25366,0.12909,0.16889,0.004,0,0.000812,0.000812,0.000812
50,598.968,0.43166,0.22023,0.33637,0.0039,0.0717,0.96827,0.98474,0.99312,0.98608,0.96827,0.98474,0.99312,0.98158,0.21125,0.12244,0.19186,0.00317,0,0.00078725,0.00078725,0.00078725
51,610.595,0.39557,0.24373,0.34757,0.00369,0.09176,0.95568,1,0.99312,0.99312,0.95568,1,0.99312,0.98537,0.20963,0.12739,0.15954,0.00317,0,0.0007625,0.0007625,0.0007625
52,622.094,0.37374,0.2827,0.32761,0.00331,0.08739,0.99462,1,0.995,0.99462,0.99462,1,0.995,0.98968,0.23277,0.13936,0.1145,0.00354,0,0.00073775,0.00073775,0.00073775
53,632.635,0.35507,0.20628,0.29327,0.00333,0.06163,0.99647,1,0.995,0.98671,0.99647,1,0.995,0.98761,0.23672,0.12632,0.12056,0.0037,0,0.000713,0.000713,0.000713
54,643.408,0.36776,0.358,0.34049,0.00339,0.11132,0.99537,0.96774,0.99318,0.99073,0.99537,0.96774,0.99318,0.98982,0.19245,0.12259,0.15129,0.00301,0,0.00068825,0.00068825,0.00068825
55,654.703,0.36747,0.31649,0.34623,0.00323,0.09324,1,0.99491,0.995,0.9803,1,0.99491,0.995,0.98851,0.24839,0.12314,0.1464,0.00435,0,0.0006635,0.0006635,0.0006635
56,665.754,0.35943,0.38934,0.33332,0.00296,0.07634,0.95671,0.96774,0.98867,0.98867,0.95671,0.96774,0.98867,0.97596,0.18451,0.14325,0.18384,0.00266,0,0.00063875,0.00063875,0.00063875
57,677.068,0.3471,0.33154,0.28636,0.00303,0.10327,0.98137,1,0.995,0.99491,0.98137,1,0.995,0.98232,0.1937,0.17328,0.14718,0.0029,0,0.000614,0.000614,0.000614
58,688.17,0.3526,0.31539,0.30722,0.00285,0.06435,0.99848,1,0.995,0.99125,0.99848,1,0.995,0.97722,0.17658,0.13189,0.12082,0.00278,0,0.00058925,0.00058925,0.00058925
59,699.237,0.30898,0.26189,0.27547,0.00277,0.08592,0.99289,0.96774,0.99406,0.99406,0.99289,0.96774,0.99406,0.98877,0.18605,0.1231,0.16075,0.00286,0,0.0005645,0.0005645,0.0005645
60,710.426,0.36316,0.28206,0.31115,0.00307,0.12093,0.93467,1,0.98936,0.9864,0.93467,1,0.98936,0.98687,0.20116,0.11919,0.15028,0.00302,0,0.00053975,0.00053975,0.00053975
61,721.988,0.38379,0.21622,0.3007,0.00339,0.07316,1,0.99875,0.995,0.98958,1,0.99875,0.995,0.99272,0.20526,0.12483,0.09984,0.00337,0,0.000515,0.000515,0.000515
62,733.187,0.34033,0.30795,0.29771,0.00315,0.06496,0.99263,1,0.995,0.995,0.99263,1,0.995,0.98915,0.16072,0.12313,0.08938,0.00248,0,0.00049025,0.00049025,0.00049025
63,744.786,0.34498,0.33177,0.30575,0.0032,0.10379,0.99728,0.96774,0.99406,0.99406,0.99728,0.96774,0.99406,0.9836,0.17966,0.1222,0.10744,0.00257,0,0.0004655,0.0004655,0.0004655
64,756.461,0.33258,0.24521,0.25966,0.0031,0.06376,0.99685,1,0.995,0.98602,0.99685,1,0.995,0.98254,0.24497,0.12314,0.10002,0.00393,0,0.00044075,0.00044075,0.00044075
65,767.436,0.36494,0.26428,0.30538,0.00294,0.08307,0.99724,1,0.995,0.99228,0.99724,1,0.995,0.99474,0.18167,0.1278,0.07978,0.00283,0,0.000416,0.000416,0.000416
66,779.053,0.33165,0.30994,0.29252,0.00292,0.05255,0.99764,1,0.995,0.99233,0.99764,1,0.995,0.98578,0.16797,0.12979,0.07022,0.00273,0,0.00039125,0.00039125,0.00039125
67,789.542,0.34254,0.23173,0.2875,0.00304,0.06213,0.99786,1,0.995,0.9924,0.99786,1,0.995,0.98603,0.18683,0.1281,0.0733,0.00262,0,0.0003665,0.0003665,0.0003665
68,801.765,0.29565,0.26378,0.2436,0.00244,0.06231,0.99765,1,0.995,0.995,0.99765,1,0.995,0.9835,0.16203,0.12274,0.06946,0.00265,0,0.00034175,0.00034175,0.00034175
69,812.647,0.31123,0.25732,0.25405,0.0027,0.06507,0.99751,1,0.995,0.995,0.99751,1,0.995,0.98356,0.14445,0.11842,0.06613,0.00222,0,0.000317,0.000317,0.000317
70,823.612,0.3,0.22077,0.25214,0.00237,0.06998,0.99708,1,0.995,0.995,0.99708,1,0.995,0.98457,0.14203,0.1154,0.06813,0.00207,0,0.00029225,0.00029225,0.00029225
71,835.953,0.25621,0.28545,0.2304,0.00359,0.07101,0.98287,1,0.995,0.995,0.98287,1,0.995,0.98909,0.15663,0.11336,0.09497,0.0023,0,0.0002675,0.0002675,0.0002675
72,847.484,0.22854,0.27189,0.21533,0.0032,0.07188,0.96708,1,0.99312,0.98752,0.96708,1,0.99312,0.99061,0.18033,0.11345,0.10603,0.00271,0,0.00024275,0.00024275,0.00024275
73,859.239,0.22052,0.21123,0.20173,0.00326,0.05258,0.96712,1,0.99312,0.99098,0.96712,1,0.99312,0.99069,0.15561,0.11314,0.09934,0.00224,0,0.000218,0.000218,0.000218
74,870.917,0.21603,0.28495,0.20574,0.00297,0.04849,0.99066,1,0.995,0.995,0.99066,1,0.995,0.98836,0.14856,0.11442,0.09066,0.00211,0,0.00019325,0.00019325,0.00019325
75,883.403,0.23565,0.25403,0.1883,0.00315,0.05093,0.96812,0.96774,0.99406,0.99406,0.96812,0.96774,0.99406,0.98727,0.12884,0.11592,0.1001,0.00174,0,0.0001685,0.0001685,0.0001685
76,895.04,0.23792,0.24832,0.19739,0.00347,0.04842,0.99933,1,0.995,0.9928,0.99933,1,0.995,0.9926,0.17992,0.12165,0.08266,0.00246,0,0.00014375,0.00014375,0.00014375
77,906.495,0.24478,0.27301,0.18375,0.00349,0.05445,0.99909,1,0.995,0.995,0.99909,1,0.995,0.99268,0.13389,0.12495,0.06641,0.00186,0,0.000119,0.000119,0.000119
78,918.274,0.19823,0.23767,0.1783,0.00265,0.04299,1,0.99658,0.995,0.995,1,0.99658,0.995,0.98893,0.12241,0.12572,0.06557,0.00181,0,9.425e-05,9.425e-05,9.425e-05
79,931.138,0.19424,0.18468,0.16831,0.0025,0.0428,1,0.98721,0.995,0.995,1,0.98721,0.995,0.98895,0.12187,0.12472,0.06988,0.00188,0,6.95e-05,6.95e-05,6.95e-05
80,943.446,0.20288,0.29738,0.18433,0.0029,0.05221,0.9662,1,0.99312,0.99312,0.9662,1,0.99312,0.99058,0.126,0.12423,0.07881,0.00192,0,4.475e-05,4.475e-05,4.475e-05
